<?xml version="1.0" encoding="UTF-8"?>
<feature
      id="org.eclipse.egit.source"
      label="%featureName"
      version="5.6.0.qualifier"
      provider-name="%providerName"
      plugin="org.eclipse.egit"
      license-feature="org.eclipse.license"
      license-feature-version="0.0.0">

   <description url="https://www.eclipse.org/egit/">
      %description
   </description>

   <copyright>
      %copyright
   </copyright>

   <license url="%licenseURL">
      %license
   </license>

   <url>
      <update label="%updateSiteName" url="https://download.eclipse.org/egit/updates"/>
      <discovery label="%updateSiteName" url="https://download.eclipse.org/egit/updates"/>
   </url>

   <requires>
       <import feature="org.eclipse.egit" version="5.6.0" match="equivalent"/>
   </requires>

   <plugin
         id="org.eclipse.egit.core.source"
         download-size="0"
         install-size="0"
         version="0.0.0"
         unpack="false"/>

   <plugin
         id="org.eclipse.egit.ui.source"
         download-size="0"
         install-size="0"
         version="0.0.0"
         unpack="false"/>

   <plugin
         id="org.eclipse.egit.mylyn.ui.source"
         download-size="0"
         install-size="0"
         version="0.0.0"
         unpack="false"/>

   <plugin
         id="org.eclipse.egit.gitflow.source"
         download-size="0"
         install-size="0"
         version="0.0.0"
         unpack="false"/>

   <plugin
         id="org.eclipse.egit.gitflow.ui.source"
         download-size="0"
         install-size="0"
         version="0.0.0"
         unpack="false"/>
</feature>
